user_id,recency,recency_weighted,frequency,monetary,year_month,active_period,avg_period,response,r_w_score,f_score,m_score
2186,3,3,4,0.0,2015.04,21,5,1,10,8,1
72,22,24,4,0.0,2015.04,16,4,1,6,8,1
2264,6,6,2,0.0,2015.04,6,3,1,9,7,1
1990,58,69,1,0.25,2015.04,0,0,0,3,5,1
2005,56,67,1,0.25,2015.04,0,0,0,3,2,1
944,38,45,2,0.8,2015.04,77,38,0,4,6,1
16082,56,67,1,1.25,2015.04,0,0,0,3,1,1
1770,91,145,1,1.25,2015.04,0,0,0,1,3,1
2159,31,37,1,2.9,2015.04,0,0,0,5,1,1
2142,36,43,1,2.9,2015.04,0,0,0,4,1,1
2271,11,11,1,2.9,2015.04,0,0,0,7,2,1
2228,18,19,1,2.9,2015.04,0,0,0,6,2,1
1897,76,106,1,4.5,2015.04,0,0,0,2,5,1
2012,50,60,1,4.5,2015.04,0,0,0,4,1,1
1796,94,150,1,5.0,2015.04,0,0,0,1,3,1
2098,31,37,1,6.0,2015.04,0,0,0,5,1,1
2131,20,22,1,6.0,2015.04,0,0,0,6,3,1
1746,107,171,1,6.0,2015.04,0,0,0,1,5,1
2157,33,39,1,6.0,2015.04,0,0,0,5,1,1
1758,104,166,1,6.0,2015.04,0,0,0,1,4,1
2058,50,60,1,6.25,2015.04,0,0,0,4,1,1
2033,53,63,1,7.0,2015.04,0,0,0,3,1,1
2034,50,60,1,7.0,2015.04,0,0,0,4,1,1
1697,117,187,1,7.0,2015.04,0,0,0,1,1,1
2007,56,67,1,7.0,2015.04,0,0,0,3,3,1
1959,64,89,1,7.0,2015.04,0,0,0,3,5,1
1958,59,70,1,7.0,2015.04,0,0,0,3,5,1
1678,40,48,2,7.4,2015.04,10,5,1,4,7,1
427,105,168,1,7.5,2015.04,0,0,0,1,4,1
2128,33,39,1,9.55,2015.04,0,0,0,5,1,1
2177,28,30,1,10.0,2015.04,0,0,0,5,3,1
2040,53,63,1,10.0,2015.04,0,0,0,3,1,1
1890,69,96,1,10.0,2015.04,0,0,0,2,5,1
2116,41,49,1,10.0,2015.04,0,0,0,4,1,1
2244,15,15,1,10.0,2015.04,0,0,0,7,2,1
592,33,39,2,10.3,2015.04,9,4,1,5,6,1
1980,59,70,1,10.5,2015.04,0,0,0,3,5,1
2147,35,42,1,10.5,2015.04,0,0,0,5,1,1
2321,3,3,1,10.9,2015.04,0,0,0,10,1,1
2181,27,29,1,10.98,2015.04,0,0,0,5,3,1
2262,11,11,1,11.0,2015.04,0,0,0,7,2,1
1765,102,163,1,11.25,2015.04,0,0,0,1,4,1
1050,44,52,1,11.25,2015.04,0,0,0,4,2,1
310,103,164,1,11.5,2015.04,0,0,0,1,4,1
2123,40,48,1,11.61,2015.04,0,0,0,4,1,1
346,4,4,1,11.61,2015.04,0,0,0,9,1,1
1781,98,156,1,12.0,2015.04,0,0,0,1,4,1
2336,1,1,1,12.0,2015.04,0,0,0,10,3,1
1713,113,180,1,12.0,2015.04,0,0,0,1,4,1
1328,108,172,1,12.0,2015.04,0,0,0,1,4,1
1827,87,121,1,12.0,2015.04,0,0,0,2,3,1
2307,6,6,1,12.0,2015.04,0,0,0,9,3,1
2220,19,20,1,12.0,2015.04,0,0,0,6,3,1
2008,56,67,1,12.0,2015.04,0,0,0,3,4,1
2202,22,24,1,12.0,2015.04,0,0,0,6,2,1
2281,10,10,1,12.0,2015.04,0,0,0,7,2,1
2235,17,18,1,12.05,2015.04,0,0,0,6,2,1
1747,106,169,1,12.5,2015.04,0,0,0,1,4,1
2260,13,13,1,12.5,2015.04,0,0,0,7,2,1
1923,52,62,1,12.5,2015.04,0,0,0,3,1,1
2167,4,4,1,12.65,2015.04,0,0,0,9,1,1
2117,38,45,1,12.75,2015.04,0,0,0,4,1,1
2097,44,52,1,12.9,2015.04,0,0,0,4,2,1
2208,21,23,1,12.9,2015.04,0,0,0,6,3,1
2340,1,1,1,12.9,2015.04,0,0,0,10,5,1
710,45,54,1,12.9,2015.04,0,0,0,4,2,1
919,37,44,1,12.9,2015.04,0,0,0,4,1,1
830,18,19,1,12.9,2015.04,0,0,0,6,2,1
2314,5,5,1,12.9,2015.04,0,0,0,9,3,1
1727,110,176,1,13.0,2015.04,0,0,0,1,4,1
841,4,4,1,13.0,2015.04,0,0,0,9,1,1
349,37,44,1,13.0,2015.04,0,0,0,4,1,1
1816,90,125,1,13.0,2015.04,0,0,0,1,3,2
2185,25,27,1,13.0,2015.04,0,0,0,5,3,2
1868,81,113,1,13.0,2015.04,0,0,0,2,4,2
736,29,31,1,13.0,2015.04,0,0,0,5,3,2
1776,99,158,1,13.05,2015.04,0,0,0,1,4,2
1041,74,103,1,13.05,2015.04,0,0,0,2,5,2
1953,65,91,1,13.05,2015.04,0,0,0,3,5,2
2216,20,22,1,13.4,2015.04,0,0,0,6,3,2
1766,102,163,1,13.5,2015.04,0,0,0,1,4,2
1267,36,43,1,13.5,2015.04,0,0,0,4,1,2
2272,11,11,1,13.5,2015.04,0,0,0,7,5,2
2119,36,43,1,13.5,2015.04,0,0,0,5,1,2
1736,109,174,1,13.5,2015.04,0,0,0,1,4,2
1898,76,106,1,13.5,2015.04,0,0,0,2,5,2
1840,85,118,1,14.0,2015.04,0,0,0,2,3,2
1710,113,180,1,14.0,2015.04,0,0,0,1,4,2
1975,60,72,1,14.0,2015.04,0,0,0,3,5,2
2328,2,2,1,14.0,2015.04,0,0,0,10,2,2
2258,13,13,1,14.0,2015.04,0,0,0,7,2,2
1777,99,158,1,14.17,2015.04,0,0,0,1,4,2
2276,11,11,1,14.2,2015.04,0,0,0,7,2,2
691,20,22,1,14.4,2015.04,0,0,0,6,3,2
948,84,117,1,14.4,2015.04,0,0,0,2,4,2
2241,16,17,1,14.4,2015.04,0,0,0,7,2,2
181,97,155,1,14.5,2015.04,0,0,0,1,4,2
1424,92,147,1,14.5,2015.04,0,0,0,1,3,2
866,57,68,1,14.5,2015.04,0,0,0,3,5,2
1127,83,116,1,14.5,2015.04,0,0,0,2,4,2
2082,46,55,1,14.5,2015.04,0,0,0,4,2,2
1832,87,121,1,14.5,2015.04,0,0,0,2,3,2
1711,113,180,1,14.5,2015.04,0,0,0,1,4,2
560,74,103,1,14.5,2015.04,0,0,0,2,5,2
1162,73,102,1,14.5,2015.04,0,0,0,2,5,2
227,18,19,1,15.0,2015.04,0,0,0,6,3,2
1971,54,64,1,15.0,2015.04,0,0,0,3,1,2
2080,46,55,1,15.0,2015.04,0,0,0,4,2,2
816,83,116,1,15.0,2015.04,0,0,0,2,4,2
1939,68,95,1,15.0,2015.04,0,0,0,2,5,2
2137,37,44,1,15.25,2015.04,0,0,0,4,1,2
1439,50,60,1,15.5,2015.04,0,0,0,4,1,2
2274,11,11,1,15.8,2015.04,0,0,0,7,2,2
2303,7,7,1,15.8,2015.04,0,0,0,8,2,2
2057,43,51,1,15.8,2015.04,0,0,0,4,3,2
1174,78,109,1,15.8,2015.04,0,0,0,2,4,2
2197,23,25,1,16.0,2015.04,0,0,0,6,2,2
2334,1,1,1,16.0,2015.04,0,0,0,10,4,2
1399,36,43,1,16.0,2015.04,0,0,0,5,1,2
6086,111,177,1,16.0,2015.04,0,0,0,1,4,2
1193,112,179,1,16.0,2015.04,0,0,0,1,4,2
1567,113,180,1,16.0,2015.04,0,0,0,1,4,2
1851,84,117,1,16.0,2015.04,0,0,0,2,4,2
772,104,166,1,16.0,2015.04,0,0,0,1,4,2
1853,83,116,1,16.0,2015.04,0,0,0,2,4,2
1302,33,39,1,16.0,2015.04,0,0,0,5,1,2
549,13,13,1,16.0,2015.04,0,0,0,7,2,2
2076,47,56,1,16.0,2015.04,0,0,0,4,2,2
2286,9,9,1,16.0,2015.04,0,0,0,8,2,2
2326,2,2,1,16.0,2015.04,0,0,0,10,1,2
1724,21,23,2,16.2,2015.04,88,44,0,6,7,2
1708,114,182,1,16.25,2015.04,0,0,0,1,4,2
1866,77,107,1,16.5,2015.04,0,0,0,2,5,2
197,60,72,2,16.5,2015.04,8,4,1,3,6,2
2201,22,24,1,16.6,2015.04,0,0,0,6,3,2
2081,21,23,1,16.7,2015.04,0,0,0,6,3,2
1912,74,103,1,17.0,2015.04,0,0,0,2,5,2
1884,77,107,1,17.0,2015.04,0,0,0,2,5,2
2168,30,33,1,17.0,2015.04,0,0,0,5,2,2
1753,105,168,1,17.25,2015.04,0,0,0,1,4,2
2199,22,24,1,17.4,2015.04,0,0,0,6,3,3
2292,8,8,1,17.55,2015.04,0,0,0,8,2,3
2092,44,52,1,18.0,2015.04,0,0,0,4,2,3
2043,52,62,1,18.0,2015.04,0,0,0,3,1,3
2101,43,51,1,18.0,2015.04,0,0,0,4,2,3
2038,53,63,1,18.0,2015.04,0,0,0,3,1,3
530,43,51,1,18.0,2015.04,0,0,0,4,2,3
527,88,123,1,18.0,2015.04,0,0,0,1,3,3
913,32,38,1,18.4,2015.04,0,0,0,5,1,3
2133,38,45,1,18.5,2015.04,0,0,0,4,1,3
1769,101,161,1,18.5,2015.04,0,0,0,1,4,3
1870,81,113,1,18.5,2015.04,0,0,0,2,4,3
193,3,3,1,18.9,2015.04,0,0,0,10,1,3
2268,7,7,1,18.9,2015.04,0,0,0,8,3,3
2048,39,46,1,18.9,2015.04,0,0,0,4,1,3
2232,18,19,1,18.9,2015.04,0,0,0,6,2,3
2188,24,26,1,18.9,2015.04,0,0,0,5,3,3
2115,40,48,1,18.9,2015.04,0,0,0,4,1,3
2001,57,68,1,19.0,2015.04,0,0,0,3,5,3
2282,6,6,1,19.0,2015.04,0,0,0,9,3,3
2047,52,62,1,19.0,2015.04,0,0,0,3,1,3
1913,74,103,1,19.0,2015.04,0,0,0,2,5,3
1740,100,160,1,19.0,2015.04,0,0,0,1,4,3
2020,55,66,1,19.0,2015.04,0,0,0,3,1,3
684,64,89,1,19.0,2015.04,0,0,0,3,5,3
858,87,121,1,19.25,2015.04,0,0,0,2,3,3
219,21,23,1,19.35,2015.04,0,0,0,6,3,3
2126,40,48,1,19.4,2015.04,0,0,0,4,1,3
555,34,40,1,19.5,2015.04,0,0,0,5,1,3
2285,9,9,1,19.5,2015.04,0,0,0,8,2,3
1731,109,174,1,19.5,2015.04,0,0,0,1,4,3
1649,10,10,1,19.5,2015.04,0,0,0,7,2,3
2331,2,2,1,19.5,2015.04,0,0,0,10,2,3
2149,34,40,1,19.8,2015.04,0,0,0,5,1,3
1732,109,174,1,20.0,2015.04,0,0,0,1,4,3
1771,100,160,1,20.0,2015.04,0,0,0,1,4,3
1009,109,174,1,20.0,2015.04,0,0,0,1,4,3
1942,68,95,1,20.5,2015.04,0,0,0,3,5,3
2045,52,62,1,20.5,2015.04,0,0,0,3,1,3
2342,1,1,1,20.9,2015.04,0,0,0,10,3,3
1415,46,55,1,21.0,2015.04,0,0,0,4,2,3
1744,107,171,1,21.0,2015.04,0,0,0,1,5,3
2231,18,19,1,21.2,2015.04,0,0,0,6,2,3
2196,21,23,1,21.4,2015.04,0,0,0,6,3,3
2094,21,23,1,21.8,2015.04,0,0,0,6,3,3
2144,35,42,1,21.8,2015.04,0,0,0,5,1,3
247,108,172,1,22.0,2015.04,0,0,0,1,4,3
1772,100,160,1,22.0,2015.04,0,0,0,1,4,3
2316,1,1,1,22.0,2015.04,0,0,0,10,4,3
2050,51,61,1,22.0,2015.04,0,0,0,4,1,3
2072,7,7,7,22.0,2015.04,35,5,1,8,9,3
2164,31,37,1,22.0,2015.04,0,0,0,5,1,3
2136,37,44,1,22.3,2015.04,0,0,0,4,1,3
1061,6,6,1,22.5,2015.04,0,0,0,9,2,3
1750,106,169,1,22.5,2015.04,0,0,0,1,5,3
1908,74,103,1,22.5,2015.04,0,0,0,2,5,3
2242,16,17,1,22.5,2015.04,0,0,0,7,2,3
2302,7,7,1,23.22,2015.04,0,0,0,8,2,3
2113,41,49,1,23.3,2015.04,0,0,0,4,1,3
1474,91,145,1,23.5,2015.04,0,0,0,1,3,3
876,62,86,1,23.5,2015.04,0,0,0,3,5,3
1925,71,99,1,23.5,2015.04,0,0,0,2,5,3
1078,7,7,1,23.5,2015.04,0,0,0,8,3,3
2236,7,7,2,23.9,2015.04,10,5,1,8,5,3
2265,12,12,1,24.0,2015.04,0,0,0,7,2,3
48,110,176,1,24.0,2015.04,0,0,0,1,4,3
1881,59,70,2,24.0,2015.04,20,10,1,3,6,3
1825,88,123,1,24.0,2015.04,0,0,0,2,3,3
1755,77,107,2,24.0,2015.04,28,14,1,2,6,4
1989,58,69,1,24.0,2015.04,0,0,0,3,5,4
2148,9,9,2,24.200000000000003,2015.04,26,13,1,8,6,4
1830,87,121,1,24.3,2015.04,0,0,0,2,3,4
2011,53,63,1,24.5,2015.04,0,0,0,3,1,4
2204,21,23,1,24.8,2015.04,0,0,0,6,3,4
1929,53,63,2,25.0,2015.04,18,9,1,3,6,4
512,81,113,1,25.5,2015.04,0,0,0,2,4,4
2104,2,2,2,25.6,2015.04,41,20,1,10,6,4
404,16,17,1,25.8,2015.04,0,0,0,7,2,4
812,29,31,1,25.8,2015.04,0,0,0,5,3,4
1598,39,46,1,25.8,2015.04,0,0,0,4,1,4
1263,36,43,2,25.8,2015.04,3,1,1,5,6,4
2256,13,13,1,25.99,2015.04,0,0,0,7,2,4
1806,92,147,1,26.0,2015.04,0,0,0,1,3,4
973,41,49,2,26.0,2015.04,57,28,1,4,7,4
1283,7,7,2,26.25,2015.04,42,21,1,8,5,4
2214,11,11,2,26.25,2015.04,9,4,1,7,6,4
1445,92,147,1,26.5,2015.04,0,0,0,1,3,4
1973,19,20,1,26.5,2015.04,0,0,0,6,3,4
1709,52,62,2,26.5,2015.04,48,24,1,3,6,4
2103,6,6,2,26.9,2015.04,37,18,1,9,7,4
1873,81,113,1,27.0,2015.04,0,0,0,2,4,4
950,81,113,1,27.0,2015.04,0,0,0,2,4,4
222,27,29,1,27.0,2015.04,0,0,0,5,3,4
1937,70,98,1,27.0,2015.04,0,0,0,2,5,4
2320,3,3,1,27.0,2015.04,0,0,0,10,1,4
1999,57,68,1,27.25,2015.04,0,0,0,3,5,4
1585,5,5,1,27.45,2015.04,0,0,0,9,3,4
2337,1,1,1,27.6,2015.04,0,0,0,10,5,4
2284,4,4,1,27.65,2015.04,0,0,0,9,1,4
1694,116,185,1,28.0,2015.04,0,0,0,1,4,4
1895,76,106,1,28.0,2015.04,0,0,0,2,5,4
2175,7,7,2,28.0,2015.04,22,11,1,8,6,4
1347,79,110,1,28.0,2015.04,0,0,0,2,4,4
2226,4,4,2,28.5,2015.04,14,7,1,9,6,4
2310,5,5,1,28.5,2015.04,0,0,0,9,3,4
2203,22,24,2,28.62,2015.04,0,0,0,6,7,4
886,10,10,2,28.8,2015.04,75,37,0,8,6,4
2341,1,1,1,28.9,2015.04,0,0,0,10,5,4
521,43,51,1,28.9,2015.04,0,0,0,4,2,4
1405,52,62,2,29.0,2015.04,43,21,1,3,6,4
1103,78,109,1,29.0,2015.04,0,0,0,2,4,4
2311,5,5,1,29.0,2015.04,0,0,0,9,2,4
953,93,148,1,29.0,2015.04,0,0,0,1,3,4
1888,77,107,1,29.0,2015.04,0,0,0,2,5,4
1872,81,113,1,29.0,2015.04,0,0,0,2,4,4
2105,42,50,1,29.9,2015.04,0,0,0,4,1,4
1645,47,56,2,30.0,2015.04,29,14,1,4,6,4
1878,36,43,2,30.0,2015.04,44,22,1,5,6,4
1100,114,182,1,30.0,2015.04,0,0,0,1,4,4
768,108,172,1,30.5,2015.04,0,0,0,1,4,4
225,60,72,1,30.5,2015.04,0,0,0,3,5,4
1858,83,116,1,30.5,2015.04,0,0,0,2,4,4
141,28,30,2,30.5,2015.04,39,19,1,5,6,4
563,7,7,1,30.7,2015.04,0,0,0,8,2,4
1110,63,88,2,31.0,2015.04,30,15,1,3,6,4
2024,43,51,2,31.0,2015.04,12,6,1,4,7,4
622,85,118,1,31.0,2015.04,0,0,0,2,3,4
2273,11,11,1,31.25,2015.04,0,0,0,7,2,4
79,11,11,2,31.4,2015.04,3,1,1,7,6,4
1720,77,107,2,32.0,2015.04,35,17,1,2,6,4
2324,3,3,1,32.0,2015.04,0,0,0,10,2,4
649,28,30,2,32.0,2015.04,39,19,1,5,6,4
660,18,19,2,32.0,2015.04,66,33,0,6,5,4
1026,23,25,2,32.0,2015.04,76,38,0,6,7,4
1947,66,92,1,32.0,2015.04,0,0,0,3,5,4
46,95,152,1,32.0,2015.04,0,0,0,1,3,4
1803,93,148,1,32.25,2015.04,0,0,0,1,3,5
2004,23,25,2,32.25,2015.04,34,17,1,6,7,5
2293,8,8,1,32.3,2015.04,0,0,0,8,2,5
24,6,6,3,32.75,2015.04,106,35,0,9,7,5
1977,18,19,2,33.4,2015.04,42,21,1,6,5,5
2267,12,12,1,33.4,2015.04,0,0,0,7,2,5
1159,4,4,2,33.5,2015.04,64,32,0,9,6,5
1938,68,95,1,34.0,2015.04,0,0,0,2,5,5
1613,5,5,1,34.0,2015.04,0,0,0,9,3,5
785,16,17,2,34.0,2015.04,38,19,1,7,6,5
1936,70,98,1,34.5,2015.04,0,0,0,2,5,5
1684,21,23,2,34.9,2015.04,98,49,0,6,7,5
1760,104,166,1,35.0,2015.04,0,0,0,1,5,5
2190,24,26,1,35.0,2015.04,0,0,0,5,3,5
2083,46,55,1,35.0,2015.04,0,0,0,4,2,5
2184,6,6,2,35.2,2015.04,15,7,1,8,7,5
648,6,6,2,35.400000000000006,2015.04,34,17,1,9,7,5
1863,17,18,2,35.989999999999995,2015.04,65,32,0,6,6,5
1804,39,46,1,36.3,2015.04,0,0,0,4,1,5
868,88,123,1,36.5,2015.04,0,0,0,1,3,5
1954,65,91,1,36.5,2015.04,0,0,0,3,5,5
2339,1,1,1,37.25,2015.04,0,0,0,10,5,5
1822,83,116,1,37.5,2015.04,0,0,0,2,4,5
1808,63,88,2,37.5,2015.04,29,14,1,3,5,5
2309,6,6,1,37.8,2015.04,0,0,0,9,3,5
2152,17,18,2,38.24,2015.04,16,8,1,6,6,5
1171,53,63,1,38.5,2015.04,0,0,0,3,1,5
38,114,182,1,38.5,2015.04,0,0,0,1,4,5
1314,39,46,3,38.5,2015.04,42,14,1,4,7,5
1088,30,33,1,38.7,2015.04,0,0,0,5,1,5
2317,4,4,1,38.7,2015.04,0,0,0,9,1,5
1979,60,72,1,38.75,2015.04,0,0,0,3,5,5
2298,7,7,1,39.0,2015.04,0,0,0,8,3,5
1915,73,102,1,39.0,2015.04,0,0,0,2,5,5
1254,31,37,2,39.4,2015.04,27,13,1,5,6,5
2323,3,3,1,39.4,2015.04,0,0,0,10,1,5
129,15,15,3,39.96,2015.04,52,17,1,7,8,5
1007,91,145,2,40.0,2015.04,14,7,1,1,7,5
58,7,7,1,40.0,2015.04,0,0,0,8,2,5
981,93,148,1,40.0,2015.04,0,0,0,1,3,5
264,86,120,2,40.5,2015.04,1,0,0,2,6,5
1040,33,39,1,40.6,2015.04,0,0,0,5,1,5
1287,20,22,2,40.65,2015.04,17,8,1,6,7,5
790,17,18,1,40.7,2015.04,0,0,0,6,2,5
541,2,2,3,40.75,2015.04,114,38,0,10,7,5
1911,72,100,2,41.0,2015.04,2,1,1,2,7,5
2245,15,15,1,41.3,2015.04,0,0,0,7,2,5
2251,14,14,1,41.3,2015.04,0,0,0,7,2,5
1857,12,12,2,41.4,2015.04,35,17,1,7,6,5
1855,83,116,1,41.5,2015.04,0,0,0,2,4,5
2039,39,46,2,41.5,2015.04,14,7,1,4,6,5
2183,25,27,1,41.8,2015.04,0,0,0,5,3,5
2049,43,51,2,42.25,2015.04,8,4,1,4,6,5
1809,59,70,2,42.25,2015.04,30,15,1,3,6,5
1540,117,187,1,42.5,2015.04,0,0,0,1,4,5
403,99,158,3,43.2,2015.04,13,4,1,1,8,5
1014,74,103,1,44.5,2015.04,0,0,0,2,5,5
1970,2,2,3,44.5,2015.04,60,20,1,10,7,5
998,74,103,3,45.0,2015.04,39,13,1,2,8,5
1985,46,55,1,45.0,2015.04,0,0,0,4,2,5
1416,28,30,2,45.0,2015.04,33,16,1,5,6,5
1982,25,27,2,45.3,2015.04,35,17,1,5,6,5
2222,4,4,3,45.4,2015.04,15,5,1,9,7,5
1119,74,103,1,45.5,2015.04,0,0,0,2,5,5
2333,2,2,1,45.65,2015.04,0,0,0,10,1,5
2023,38,45,2,45.73,2015.04,17,8,1,4,6,5
1698,114,182,2,45.75,2015.04,3,1,1,1,6,5
2229,2,2,3,45.8,2015.04,16,5,1,10,7,5
1706,4,4,3,45.8,2015.04,111,37,0,9,7,6
844,21,23,2,46.35,2015.04,25,12,1,6,7,6
1039,54,64,2,46.5,2015.04,32,16,1,3,6,6
1248,59,70,2,46.5,2015.04,24,12,1,3,6,6
2122,40,48,1,47.2,2015.04,0,0,0,4,1,6
1205,58,69,1,47.75,2015.04,0,0,0,3,5,6
2289,9,9,1,48.0,2015.04,0,0,0,8,2,6
368,10,10,3,48.0,2015.04,64,21,1,8,7,6
1768,7,7,3,48.0,2015.04,13,4,1,8,7,6
1381,59,70,2,48.0,2015.04,37,18,1,3,6,6
426,4,4,7,48.0,2015.04,85,12,1,9,9,6
1875,80,112,1,48.0,2015.04,0,0,0,2,4,6
543,106,169,1,48.0,2015.04,0,0,0,1,5,6
1208,33,39,1,48.3,2015.04,0,0,0,5,1,6
1972,61,85,1,48.5,2015.04,0,0,0,3,5,6
996,96,153,1,48.5,2015.04,0,0,0,1,3,6
1000,18,19,4,48.75,2015.04,80,20,1,6,8,6
1904,6,6,2,49.0,2015.04,69,34,0,9,6,6
1344,57,68,1,49.0,2015.04,0,0,0,3,5,6
1906,54,64,3,49.4,2015.04,21,7,1,3,8,6
1969,5,5,2,49.5,2015.04,57,28,1,9,6,6
1976,60,72,1,49.5,2015.04,0,0,0,3,5,6
2304,3,3,1,49.8,2015.04,0,0,0,10,1,6
875,115,184,1,50.0,2015.04,0,0,0,1,4,6
1871,81,113,1,50.0,2015.04,0,0,0,2,4,6
1786,85,118,2,50.25,2015.04,11,5,1,2,6,6
656,43,51,3,50.75,2015.04,62,20,1,4,8,6
945,3,3,3,51.4,2015.04,87,29,1,10,7,6
1751,106,169,1,52.0,2015.04,0,0,0,1,4,6
1201,20,22,1,52.5,2015.04,0,0,0,6,3,6
439,21,23,3,53.32,2015.04,50,16,1,6,8,6
1672,95,152,2,54.0,2015.04,18,9,1,1,7,6
1988,18,19,4,54.8,2015.04,41,10,1,6,8,6
2109,41,49,1,56.0,2015.04,0,0,0,4,1,6
978,111,177,1,56.0,2015.04,0,0,0,1,4,6
180,57,68,2,56.44,2015.04,37,18,1,3,7,6
1307,35,42,2,56.8,2015.04,40,20,1,5,6,6
240,35,42,3,57.25,2015.04,71,23,1,5,7,6
1372,10,10,1,57.6,2015.04,0,0,0,8,2,6
2213,20,22,1,57.75,2015.04,0,0,0,6,3,6
2212,20,22,1,57.75,2015.04,0,0,0,6,3,6
1723,59,70,3,59.0,2015.04,12,4,1,3,8,6
1894,10,10,3,59.25,2015.04,66,22,1,8,7,6
2037,47,56,2,59.5,2015.04,6,3,1,4,6,6
1420,18,19,1,60.2,2015.04,0,0,0,6,3,6
1163,20,22,2,60.8,2015.04,3,1,1,6,7,6
1691,13,13,2,60.9,2015.04,105,52,0,7,6,6
557,70,98,2,61.0,2015.04,16,8,1,2,7,6
940,23,25,3,61.3,2015.04,31,10,1,5,8,6
1877,3,3,4,61.5,2015.04,77,19,1,10,8,6
1919,73,102,2,62.5,2015.04,33,16,1,2,6,6
2233,17,18,1,62.75,2015.04,0,0,0,6,2,6
1351,103,164,1,63.0,2015.04,0,0,0,1,4,6
377,11,11,1,63.53,2015.04,0,0,0,7,2,6
1850,23,25,4,63.9,2015.04,61,15,1,5,8,6
30,44,52,3,63.9,2015.04,31,10,1,4,8,6
2061,2,2,4,63.9,2015.04,47,11,1,10,8,6
330,24,26,3,63.96,2015.04,29,9,1,5,7,6
1002,18,19,2,64.0,2015.04,23,11,1,6,5,6
1762,24,26,2,64.0,2015.04,79,39,0,5,7,6
734,45,54,4,64.0,2015.04,54,13,1,4,8,6
472,31,37,2,64.0,2015.04,34,17,1,5,6,6
164,3,3,2,64.0,2015.04,80,40,0,10,7,6
342,3,3,3,64.3,2015.04,92,30,0,10,7,6
1524,81,113,1,64.5,2015.04,0,0,0,2,4,6
2027,14,14,5,64.75,2015.04,41,8,1,7,9,6
2223,5,5,3,66.25,2015.04,14,4,1,9,7,6
489,19,20,2,66.3,2015.04,45,22,1,6,6,6
1920,73,102,1,66.5,2015.04,0,0,0,2,5,7
1596,67,93,1,67.0,2015.04,0,0,0,3,5,7
1126,36,43,3,67.9,2015.04,49,16,1,5,7,7
2270,11,11,1,68.1,2015.04,0,0,0,7,2,7
828,14,14,2,69.9,2015.04,42,21,1,7,6,7
1534,54,64,1,70.4,2015.04,0,0,0,3,1,7
2110,10,10,3,70.5,2015.04,31,10,1,7,7,7
481,16,17,2,71.9,2015.04,4,2,1,7,6,7
45,32,38,4,72.0,2015.04,69,17,1,5,8,7
963,10,10,1,72.1,2015.04,0,0,0,8,2,7
179,109,174,1,72.2,2015.04,0,0,0,1,4,7
1237,55,66,3,72.25,2015.04,56,18,1,3,8,7
1622,43,51,2,73.4,2015.04,62,31,0,4,6,7
786,10,10,3,73.98,2015.04,99,33,0,8,7,7
1609,38,45,3,74.0,2015.04,34,11,1,4,7,7
1386,10,10,4,74.4,2015.04,70,17,1,8,8,7
1712,16,17,3,74.7,2015.04,97,32,0,7,7,7
1616,18,19,4,74.7,2015.04,87,21,1,6,8,7
2112,20,22,2,75.7,2015.04,21,10,1,6,7,7
1128,34,40,1,77.4,2015.04,0,0,0,5,1,7
1828,1,1,5,77.65,2015.04,85,17,1,10,9,7
777,7,7,5,79.0,2015.04,79,15,1,8,9,7
1145,114,182,1,79.0,2015.04,0,0,0,1,4,7
784,25,27,3,79.4,2015.04,65,21,1,5,7,7
1874,69,96,2,79.5,2015.04,11,5,1,2,7,7
1699,30,33,2,79.7,2015.04,87,43,0,5,6,7
1229,81,113,1,80.0,2015.04,0,0,0,2,4,7
1659,95,152,3,80.3,2015.04,9,3,1,1,8,7
352,54,64,1,80.5,2015.04,0,0,0,3,1,7
1637,12,12,1,80.7,2015.04,0,0,0,7,2,7
744,21,23,3,81.25,2015.04,92,30,0,6,8,7
1521,86,120,2,81.5,2015.04,23,11,1,2,7,7
1155,4,4,4,82.2,2015.04,77,19,1,9,8,7
565,96,153,1,82.25,2015.04,0,0,0,1,3,7
1165,24,26,2,83.1,2015.04,5,2,1,5,7,7
2150,31,37,2,85.39999999999999,2015.04,3,1,1,5,6,7
1568,18,19,3,85.8,2015.04,14,4,1,6,8,7
2054,51,61,1,86.0,2015.04,0,0,0,3,1,7
2078,14,14,3,86.0,2015.04,32,10,1,7,8,7
1627,28,30,3,86.8,2015.04,87,29,1,5,8,7
1644,40,48,4,88.05,2015.04,23,5,1,4,8,7
1794,7,7,4,88.3,2015.04,87,21,1,8,8,7
1846,62,86,2,88.5,2015.04,23,11,1,3,6,7
574,80,112,1,88.75,2015.04,0,0,0,2,4,7
1821,15,15,5,88.9,2015.04,74,14,1,7,9,7
1647,6,6,4,89.65,2015.04,21,5,1,9,8,7
1889,1,1,5,89.8,2015.04,55,11,1,10,9,7
3,99,158,3,90.0,2015.04,10,3,1,1,8,7
1779,67,93,2,90.0,2015.04,31,15,1,3,7,7
2227,18,19,2,92.0,2015.04,0,0,0,6,5,7
2021,12,12,3,92.25,2015.04,43,14,1,7,7,7
1292,6,6,4,92.3,2015.04,32,8,1,8,8,7
1745,10,10,6,92.5,2015.04,85,14,1,7,9,7
87,51,61,2,92.5,2015.04,41,20,1,3,6,7
1996,18,19,5,92.55,2015.04,39,7,1,6,9,7
653,10,10,3,92.9,2015.04,35,11,1,8,7,7
1137,19,20,2,93.0,2015.04,13,6,1,6,6,7
2140,36,43,2,94.0,2015.04,0,0,0,4,6,7
2250,14,14,1,95.2,2015.04,0,0,0,7,2,7
63,40,48,3,95.8,2015.04,51,17,1,4,8,7
662,4,4,6,96.0,2015.04,77,12,1,9,9,7
178,3,3,12,96.0,2015.04,98,8,1,9,10,7
2179,28,30,1,97.9,2015.04,0,0,0,5,3,7
633,30,33,7,98.01,2015.04,86,12,1,5,10,7
458,33,39,3,98.75,2015.04,74,24,1,5,7,7
2243,16,17,1,98.8,2015.04,0,0,0,7,2,7
1361,4,4,5,99.48,2015.04,82,16,1,9,9,7
223,1,1,6,100.0,2015.04,103,17,1,10,9,7
1270,3,3,6,100.05,2015.04,71,11,1,10,9,8
1761,13,13,5,100.5,2015.04,91,18,1,7,9,8
177,5,5,4,100.96,2015.04,84,21,1,9,8,8
2161,32,38,1,101.93,2015.04,0,0,0,5,1,8
182,9,9,3,102.25,2015.04,107,35,0,8,7,8
1907,60,72,2,103.5,2015.04,14,7,1,3,6,8
2029,2,2,7,103.7,2015.04,52,7,1,10,10,8
1641,8,8,5,104.0,2015.04,82,16,1,8,9,8
849,85,118,5,104.25,2015.04,31,6,1,2,9,8
441,4,4,1,104.9,2015.04,0,0,0,9,1,8
2221,6,6,3,105.2,2015.04,10,3,1,9,7,8
1288,7,7,2,105.7,2015.04,93,46,0,8,5,8
1978,1,1,4,106.0,2015.04,59,14,1,10,8,8
2016,13,13,5,106.05,2015.04,43,8,1,7,9,8
1704,115,184,1,106.5,2015.04,0,0,0,1,4,8
495,6,6,2,107.3,2015.04,111,55,0,9,6,8
1142,4,4,6,108.45,2015.04,69,11,1,9,9,8
1232,1,1,5,109.25,2015.04,65,13,1,10,9,8
1375,9,9,6,110.0,2015.04,91,15,1,8,9,8
1032,3,3,8,110.01,2015.04,98,12,1,10,10,8
88,59,70,1,111.0,2015.04,0,0,0,3,5,8
2130,4,4,4,111.2,2015.04,34,8,1,9,8,8
1886,77,107,1,111.5,2015.04,0,0,0,2,5,8
1707,13,13,3,112.53,2015.04,101,33,0,7,8,8
1599,7,7,8,113.0,2015.04,107,13,1,8,10,8
1844,85,118,1,114.5,2015.04,0,0,0,2,3,8
1949,15,15,4,114.75,2015.04,51,12,1,7,9,8
91,39,46,3,114.9,2015.04,75,25,1,4,7,8
1812,1,1,8,115.8,2015.04,90,11,1,10,10,8
1728,9,9,8,116.0,2015.04,100,12,1,8,10,8
2219,19,20,1,116.0,2015.04,0,0,0,6,3,8
977,85,118,1,116.1,2015.04,0,0,0,2,3,8
713,24,26,3,116.4,2015.04,57,19,1,5,7,8
569,22,24,3,116.5,2015.04,56,18,1,6,8,8
1735,1,1,10,117.8,2015.04,107,10,1,10,10,8
800,4,4,4,120.75,2015.04,98,24,1,9,8,8
2120,5,5,2,121.25,2015.04,35,17,1,9,6,8
1612,9,9,6,122.6,2015.04,81,13,1,8,9,8
1227,73,102,4,123.5,2015.04,36,9,1,2,8,8
1865,25,27,4,123.8,2015.04,57,14,1,5,8,8
347,26,28,2,124.2,2015.04,83,41,0,5,6,8
1993,2,2,12,124.45,2015.04,53,4,1,10,10,8
1935,15,15,7,125.0,2015.04,55,7,1,7,9,8
1675,10,10,5,126.3,2015.04,50,10,1,8,9,8
1389,64,89,3,127.0,2015.04,46,15,1,3,8,8
1892,19,20,3,127.5,2015.04,57,19,1,6,8,8
316,8,8,5,127.65,2015.04,88,17,1,8,9,8
1944,19,20,2,128.6,2015.04,12,6,1,6,6,8
1995,2,2,7,129.33,2015.04,56,8,1,10,9,8
1658,42,50,1,130.1,2015.04,0,0,0,4,1,8
2277,10,10,1,130.5,2015.04,0,0,0,7,2,8
1687,11,11,2,130.9,2015.04,108,54,0,7,5,8
1569,29,31,5,131.4,2015.04,50,10,1,5,9,8
2087,7,7,7,132.15,2015.04,38,5,1,8,9,8
1134,10,10,5,132.5,2015.04,100,20,1,7,9,8
451,47,56,3,133.5,2015.04,71,23,1,4,8,8
2026,5,5,5,133.6,2015.04,50,10,1,9,9,8
2329,2,2,1,133.65,2015.04,0,0,0,10,2,8
2028,55,66,2,135.0,2015.04,0,0,0,3,6,8
1754,99,158,2,136.25,2015.04,6,3,1,1,5,8
61,31,37,4,138.1,2015.04,69,17,1,5,8,8
1743,30,33,8,138.4,2015.04,78,9,1,5,10,8
1085,2,2,3,140.35,2015.04,114,38,0,10,7,8
1940,3,3,7,142.5,2015.04,65,9,1,10,10,8
1294,30,33,8,142.65,2015.04,65,8,1,5,10,8
1811,7,7,9,143.0,2015.04,84,9,1,8,10,8
1290,17,18,3,143.2,2015.04,96,32,0,6,7,8
1819,12,12,3,143.75,2015.04,52,17,1,7,8,8
367,15,15,3,143.9,2015.04,39,13,1,7,8,9
1629,7,7,15,144.0,2015.04,101,6,1,8,10,9
1945,40,48,3,144.0,2015.04,27,9,1,4,8,9
619,16,17,13,144.0,2015.04,89,6,1,7,10,9
1135,4,4,7,145.15,2015.04,115,16,1,9,10,9
1315,11,11,3,145.4,2015.04,97,32,0,7,7,9
1484,39,46,4,146.29,2015.04,54,13,1,4,8,9
1932,12,12,5,150.0,2015.04,59,11,1,7,9,9
1952,5,5,4,151.0,2015.04,59,14,1,9,8,9
808,18,19,4,151.6,2015.04,92,23,1,6,8,9
492,34,40,4,153.19,2015.04,73,18,1,5,8,9
1883,10,10,5,153.5,2015.04,67,13,1,7,9,9
1184,3,3,6,154.0,2015.04,108,18,1,9,9,9
1714,68,95,4,155.0,2015.04,45,11,1,2,8,9
302,66,92,3,158.5,2015.04,48,16,1,3,8,9
1595,10,10,2,158.5,2015.04,92,46,0,8,6,9
1066,7,7,4,159.1,2015.04,75,18,1,8,8,9
501,63,88,2,160.5,2015.04,25,12,1,3,5,9
2055,31,37,2,161.5,2015.04,19,9,1,5,6,9
1538,16,17,3,161.8,2015.04,41,13,1,7,7,9
770,14,14,7,163.7,2015.04,71,10,1,7,9,9
1176,3,3,10,163.75,2015.04,99,9,1,9,10,9
415,18,19,3,164.4,2015.04,77,25,1,6,7,9
969,6,6,1,164.5,2015.04,0,0,0,9,3,9
57,55,66,2,165.5,2015.04,60,30,1,3,6,9
468,1,1,6,165.8,2015.04,102,17,1,10,9,9
1799,36,43,3,166.0,2015.04,58,19,1,4,7,9
2158,32,38,3,166.4,2015.04,0,0,0,5,7,9
2018,2,2,4,168.9,2015.04,53,13,1,10,8,9
475,13,13,4,168.95,2015.04,89,22,1,7,8,9
1650,31,37,3,170.5,2015.04,83,27,1,5,7,9
826,4,4,7,172.1,2015.04,101,14,1,9,9,9
665,3,3,6,172.55,2015.04,99,16,1,9,9,9
1209,2,2,16,174.5,2015.04,113,7,1,10,10,9
1933,2,2,10,174.95,2015.04,68,6,1,10,10,9
1849,17,18,4,175.1,2015.04,67,16,1,6,8,9
573,5,5,9,178.25,2015.04,72,8,1,9,10,9
1882,1,1,5,178.28,2015.04,77,15,1,10,9,9
1928,8,8,8,178.65,2015.04,63,7,1,8,10,9
2945,63,88,1,180.0,2015.04,0,0,0,3,5,9
398,36,43,8,181.79,2015.04,76,9,1,4,10,9
1317,4,4,4,183.9,2015.04,102,25,1,9,8,9
807,8,8,11,185.0,2015.04,108,9,1,8,10,9
1789,92,147,2,185.55,2015.04,4,2,1,1,7,9
1778,9,9,9,185.9,2015.04,90,10,1,8,10,9
1413,11,11,5,186.75,2015.04,97,19,1,7,9,9
1829,4,4,3,187.5,2015.04,83,27,1,9,7,9
1783,6,6,14,194.3,2015.04,91,6,1,9,10,9
566,10,10,4,194.7,2015.04,84,21,1,8,8,9
1164,9,9,10,195.0,2015.04,99,9,1,8,10,9
806,9,9,5,195.15,2015.04,98,19,1,8,9,9
594,3,3,7,195.9,2015.04,109,15,1,10,9,9
1251,46,55,11,196.5,2015.04,68,6,1,4,10,9
718,20,22,6,198.75,2015.04,84,14,1,6,9,9
856,42,50,5,198.8,2015.04,57,11,1,4,9,9
1831,20,22,6,199.7,2015.04,64,10,1,6,9,9
1810,9,9,6,200.05,2015.04,70,11,1,8,9,9
771,25,27,2,204.0,2015.04,89,44,0,5,6,9
1729,4,4,4,204.65,2015.04,91,22,1,9,8,9
76,5,5,4,205.3,2015.04,108,27,1,9,8,9
2073,5,5,4,205.7,2015.04,42,10,1,9,8,9
1197,9,9,5,207.6,2015.04,103,20,1,8,9,9
1086,9,9,7,208.0,2015.04,96,13,1,8,10,9
1717,46,55,3,208.25,2015.04,66,22,1,4,8,9
1210,3,3,11,208.65,2015.04,105,9,1,10,10,9
1893,7,7,10,209.4,2015.04,69,6,1,8,10,9
1189,58,69,7,210.7,2015.04,49,7,1,3,9,9
183,7,7,10,211.06,2015.04,100,10,1,8,10,9
792,3,3,12,213.5,2015.04,103,8,1,10,10,10
1879,17,18,5,214.0,2015.04,63,12,1,7,9,10
1610,4,4,12,217.9,2015.04,99,8,1,9,10,10
1621,16,17,6,219.25,2015.04,103,17,1,7,9,10
1320,29,31,7,223.4,2015.04,72,10,1,5,10,10
1722,7,7,15,227.5,2015.04,104,6,1,8,10,10
1132,5,5,6,228.25,2015.04,90,15,1,9,9,10
1258,8,8,10,229.5,2015.04,99,9,1,8,10,10
2077,5,5,6,230.95,2015.04,41,6,1,9,9,10
1109,9,9,5,231.2,2015.04,64,12,1,8,9,10
329,5,5,16,241.5,2015.04,98,6,1,9,10,10
1139,2,2,6,247.2,2015.04,108,18,1,10,9,10
1071,4,4,14,247.5,2015.04,112,8,1,9,10,10
542,8,8,16,248.85,2015.04,106,6,1,8,10,10
1168,7,7,13,249.9,2015.04,97,7,1,8,10,10
1802,17,18,4,250.64,2015.04,52,13,1,6,9,10
1962,41,49,4,251.25,2015.04,22,5,1,4,8,10
983,7,7,16,251.25,2015.04,103,6,1,8,10,10
971,27,29,4,252.7,2015.04,77,19,1,5,8,10
1702,17,18,6,255.8,2015.04,98,16,1,6,9,10
282,18,19,5,256.4,2015.04,97,19,1,6,9,10
2194,2,2,3,260.4,2015.04,21,7,1,10,7,10
1726,7,7,9,261.75,2015.04,103,11,1,8,10,10
321,3,3,14,262.25,2015.04,106,7,1,10,10,10
210,58,69,3,265.0,2015.04,49,16,1,3,8,10
577,25,27,6,266.1,2015.04,66,11,1,5,9,10
2253,14,14,1,266.3,2015.04,0,0,0,7,2,10
1221,21,23,5,268.7,2015.04,60,12,1,6,9,10
1603,8,8,17,272.65,2015.04,108,6,1,8,10,10
34,17,18,3,287.25,2015.04,51,17,1,6,7,10
1295,9,9,8,294.25,2015.04,110,13,1,8,10,10
2261,13,13,1,294.4,2015.04,0,0,0,7,2,10
1158,11,11,16,300.0,2015.04,97,6,1,7,10,10
1118,5,5,14,315.45,2015.04,102,7,1,9,10,10
1690,10,10,6,322.6,2015.04,103,17,1,8,9,10
532,11,11,6,324.75,2015.04,94,15,1,7,9,10
143,4,4,19,325.6,2015.04,113,5,1,9,10,10
1633,2,2,10,334.05,2015.04,111,11,1,10,10,10
567,4,4,10,338.75,2015.04,111,11,1,9,10,10
1153,12,12,4,339.85,2015.04,65,16,1,7,9,10
754,1,1,14,347.15,2015.04,114,8,1,10,10,10
380,1,1,6,347.2,2015.04,112,18,1,10,9,10
1664,12,12,6,352.15,2015.04,80,13,1,7,9,10
1460,5,5,12,356.5,2015.04,109,9,1,9,10,10
1202,22,24,3,365.2,2015.04,81,27,1,6,8,10
1815,5,5,12,367.8,2015.04,85,7,1,9,10,10
52,5,5,11,369.35,2015.04,102,9,1,9,10,10
1527,10,10,11,370.8,2015.04,103,9,1,8,10,10
928,10,10,11,388.75,2015.04,109,9,1,8,10,10
1818,3,3,6,393.7,2015.04,115,19,1,10,9,10
104,8,8,6,402.3,2015.04,109,18,1,8,9,10
1146,6,6,8,402.75,2015.04,110,13,1,9,10,10
1921,42,50,7,407.15,2015.04,31,4,1,4,9,10
1814,12,12,3,409.9,2015.04,78,26,1,7,7,10
1517,2,2,17,413.8,2015.04,114,6,1,10,10,10
1212,2,2,9,438.8,2015.04,111,12,1,10,10,10
1486,4,4,12,464.63,2015.04,47,3,1,9,10,10
926,3,3,12,498.5,2015.04,111,9,1,10,10,10
1284,2,2,5,516.05,2015.04,78,15,1,10,9,10
106,2,2,12,519.75,2015.04,104,8,1,10,10,10
708,1,1,19,568.64,2015.04,113,5,1,10,10,10
1833,81,113,2,611.55,2015.04,6,3,1,2,6,10
1798,2,2,13,632.35,2015.04,91,7,1,10,10,10
1682,4,4,9,695.3,2015.04,108,12,1,9,10,10
1586,3,3,14,700.79,2015.04,110,7,1,10,10,10
598,1,1,29,701.52,2015.04,111,3,1,10,10,10
170,12,12,4,751.3,2015.04,102,25,1,7,9,10
1513,1,1,22,751.3,2015.04,114,5,1,10,10,10
